número CNJ;tribunal;classe;data de ajuizamento;suscitante;suscitado(s);tipo (greve, econômico, jurídico, revisional);relator;situação/resultado (acordo, sentença normativa, extinto, pendente);ano de vigência do ACT/DC;fonte (URL);nível de confiança (confirmado em fonte primária / só notícia / não verificado)
1000422-59.2025.5.00.0000;TST;Dissídio Coletivo de Greve (DCG);;CONFEDERAÇÃO NACIONAL DOS TRABALHADORES DO RAMO FINANCEIRO;CAIXA ECONÔMICA FEDERAL GVPMGD/rmc D E S P A C H O Trata-se de Dissídio Coletivo de Greve suscitado pela CONFEDERAÇÃO NACIONAL DOS TRABALHADORES DO RAMO FINANCEIRO em desfavor de CAIXA ECONÔMICA FEDERAL , o qual, na forma do Regimento Inter...;Greve;Mauricio Godinho Delgado;Acordo Homologado;;https://consultaprocessual.tst.jus.br/consultaProcessual/resumoForm.do?consulta=1&numeroProcesso=10004225920255000000;confirmado em fonte primária
1000601-90.2025.5.00.0000;TST;Dissídio Coletivo (DC);;SINDICATO NACIONAL DOS TRABALHADORES NA INDUSTRIA MOEDEIRA;CASA DA MOEDA DO BRASIL CMB DECISÃO Após intenso movimento negocial, tendo todo os envolvidos mantido sempre postura respeitosa e colaborativa, foi possível avançarem no diálogo a ponto de celebrarem Acordo Coletivo de Trabalho (Id 60fc354)...;Jurídico;Guilherme Augusto Caputo Bastos;Pendente;;https://consultaprocessual.tst.jus.br/consultaProcessual/resumoForm.do?consulta=1&numeroProcesso=10006019020255000000;confirmado em fonte primária
1001249-70.2025.5.00.0000;TST;Dissídio Coletivo de Greve (DCG);;JEFERSON PIPE INFRAESTRUTURA LTDA;SIND DOS TRAB NAS IND DA CONST E DO MOB DE S J CAMPOS IGM/wh/as D E C I S Ã O Trata-se de Dissídio Coletivo de Greve , com pedido de tutela de urgência , aforado por Jeferson Pipe Infraestrutura Ltda., em face do SINTRICOM - Sindicato dos T...;Greve;Ives Gandra Da Silva Martins Filho;Greve Julgada Abusiva;;https://consultaprocessual.tst.jus.br/consultaProcessual/resumoForm.do?consulta=1&numeroProcesso=10012497020255000000;confirmado em fonte primária
1000513-86.2024.5.00.0000;TST;Dissídio Coletivo de Greve (DCG);;FEDERACAO INTERESTADUAL DE SINDICATOS DE ENGENHEIROS e outros (1);CENTRAIS ELETRICAS BRASILEIRAS SA ELETROBRAS e outros (1) GVPMGD/fr D E S P A C H O 1-Nos termos das reuniões unilaterais havidas com cada uma das partes em 27.11.2024 ficou acertado que as mesmas encaminhariam, por email a Vice-Presidência...;Greve;Lelio Bentes Correa;Extinto sem Resolução de Mérito;2024/2026;https://consultaprocessual.tst.jus.br/consultaProcessual/resumoForm.do?consulta=1&numeroProcesso=10005138620245000000;confirmado em fonte primária
1000517-26.2024.5.00.0000;TST;Dissídio Coletivo de Greve (DCG);;FEDERACAO NACIONAL TRABALHADORES INDUSTRIAS URBANAS;CENTRAIS ELETRICAS BRASILEIRAS SA ELETROBRAS;Greve;Aloysio Silva Correa Da Veiga;Pendente;2024/2026;https://consultaprocessual.tst.jus.br/consultaProcessual/resumoForm.do?consulta=1&numeroProcesso=10005172620245000000;confirmado em fonte primária
1000522-48.2024.5.00.0000;TST;Dissídio Coletivo de Greve (DCG);;SINDICATO DOS TRABALHADORES NAS EMPRESAS DE ENERGIA DO RIO DE JANEIRO E REGIAO - SINTERGIA/RJ e outros (8);FURNAS-CENTRAIS ELETRICAS S.A. e outros (1) GVPMGD/rmc D E S P A C H O Trata-se de Dissídio Coletivo de Greve suscitado por SINDICATO DOS TRABALHADORES NAS EMPRESAS DE ENERGIA DO RIO DE JANEIRO E REGIÃO - SINTERGIA/RJ e outros (8) em desfav...;Greve;Lelio Bentes Correa;Pendente;2024/2026;https://consultaprocessual.tst.jus.br/consultaProcessual/resumoForm.do?consulta=1&numeroProcesso=10005224820245000000;confirmado em fonte primária
1000605-64.2024.5.00.0000;TST;Dissídio Coletivo (DC);;SINDICATO NACIONAL DOS TRABALHADORES NA INDUSTRIA MOEDEIRA;CASA DA MOEDA DO BRASIL CMB GVPMGD/rmc D E C I S Ã O Após intenso movimento negocial, marcado pela postura respeitosa e colaborativa de todos os envolvidos, as partes lograram êxito na celebração do Acordo Coletivo de Trabalho (ACT), cujo i...;Jurídico;Mauricio Godinho Delgado;Pendente;;https://consultaprocessual.tst.jus.br/consultaProcessual/resumoForm.do?consulta=1&numeroProcesso=10006056420245000000;confirmado em fonte primária
1001090-64.2024.5.00.0000;TST;Dissídio Coletivo (DC);;SINDICATO NACIONAL DOS CONDUTORES DA MARINHA MERCANTE E AFINS;PETROBRAS TRANSPORTE S.A - TRANSPETRO;Econômico;Guilherme Augusto Caputo Bastos;Acordo Homologado;2023/2025;https://consultaprocessual.tst.jus.br/consultaProcessual/resumoForm.do?consulta=1&numeroProcesso=10010906420245000000;confirmado em fonte primária
1001107-03.2024.5.00.0000;TST;Dissídio Coletivo (DC);2025-06-02;(...) Também se mostra evidente que a finalidade pretendida pelo Suscitante não é resolver controvérsia acerca da interpretação de norma coletiva, mas se insurgir contra Ação de Cumprimento ajuizada há mais de três décadas, em que as divers...;FED NAC EMPREG EMP PROCES DADOS SERV DE INF SIMILARES SUSCITADO: SINDICATO DOS E E E DE P.DE D S DE INFORMATICA S EST MG;Jurídico;Maria Cristina Irigoyen Peduzzi;Extinto sem Resolução de Mérito;;https://consultaprocessual.tst.jus.br/consultaProcessual/resumoForm.do?consulta=1&numeroProcesso=10011070320245000000;confirmado em fonte primária
1022295-95.2024.5.02.0000;TRT-02 (SP);Recurso Ordinário Trabalhista (ROT);2026-06-08;Entidade Sindical Profissional;IPT;Econômico;Maria Cristina Irigoyen Peduzzi;Extinto sem Resolução de Mérito;2024/2025;https://jurisprudencia.tst.jus.br;confirmado em fonte primária
0080588-54.2023.5.22.0000;TRT-22 (PI);Recurso Ordinário Trabalhista (ROT);2024-05-13;Aduz a parte suscitante que a cláusula tem por finalidade buscar melhorar o ânimo da categoria que espera receber ao as perdas salariais corroídas pela inflação. Afirma que o Governo Federal liberou os empregados e empregadores para negocia...;empresa defende que tem concedido o reajuste salarial com base em 100% do INPC, apurado no ano anterior, apurado no ano anterior, com o necessário aval da SEAD e demais órgãos de assessoramento do Governador do Estado, conforme faz prova o ...;Econômico;Maria Cristina Irigoyen Peduzzi;Sentença Normativa;;https://jurisprudencia.tst.jus.br;confirmado em fonte primária
1000141-74.2023.5.00.0000;TST;Dissídio Coletivo (DC);;SINDICATO NACIONAL DOS TRABALHADORES NA INDUSTRIA MOEDEIRA;CASA DA MOEDA DO BRASIL CMB GVPACV/crbg/rmc D E C I S Ã O Após intenso movimento negocial, tendo todos os envolvidos mantido sempre postura respeitosa e colaborativa, foi possível avançarem no diálogo a ponto de celebrarem o Acordo Coletivo...;Econômico;Aloysio Silva Correa Da Veiga;Pendente;;https://consultaprocessual.tst.jus.br/consultaProcessual/resumoForm.do?consulta=1&numeroProcesso=10001417420235000000;confirmado em fonte primária
1000296-77.2023.5.00.0000;TST;Dissídio Coletivo (DC);;SINDICATO DOS EMPREGADOS EM ESTABELECIMENTOS BANCARIOS DO ESTADO DO PARA;CAIXA ECONOMICA FEDERAL GP/joj D E S P A C H O Trata-se de Dissídio Coletivo de Greve instaurado por SINDICATO DOS EMPREGADOS EM ESTABELECIMENTOS BANCÁRIOS DO ESTADO DO PARA em face da Caixa Econômica Federal - CEF. Sustenta, inicialmente, ...;Greve;Lelio Bentes Correa;Pendente;;https://consultaprocessual.tst.jus.br/consultaProcessual/resumoForm.do?consulta=1&numeroProcesso=10002967720235000000;confirmado em fonte primária
1000301-02.2023.5.00.0000;TST;Dissídio Coletivo (DC);;SINDICATO DOS PETROLEIROS DO LITORAL PAULISTA e outros (6);PETROLEO BRASILEIRO S A PETROBRAS e outros (2) GVPACV/rmc D E S P A C H O Mediante petição de id b1add9a, a PETROLEO BRASILEIRO S.A - PETROBRAS informa que a matéria Plano de Cargos, objeto do presente dissídio, foi incluída no processo neg...;Econômico;Aloysio Silva Correa Da Veiga;Pendente;2023/2024;https://consultaprocessual.tst.jus.br/consultaProcessual/resumoForm.do?consulta=1&numeroProcesso=10003010220235000000;confirmado em fonte primária
0000062-10.2022.5.23.0000;TRT-23 (MT);Recurso Ordinário Trabalhista (ROT);2024-08-19;Entidade Sindical Profissional;EMPRESA BRASILEIRA DE CORREIOS E TELÉGRAFOS - ECT;Greve;Alexandre De Souza Agra Belmonte;Greve Julgada Abusiva;;https://jurisprudencia.tst.jus.br;confirmado em fonte primária
0000162-25.2022.5.10.0000;TRT-10 (DF/TO);Recurso Ordinário Trabalhista (ROT);2024-08-19;Sindicato dos Trabalhadores em Telecomunicações do Distrito Federal;Telecomunicações Brasileiras S;Econômico;Mauricio Godinho Delgado;Sentença Normativa;1º/11/2021 a 31/10/2022;https://jurisprudencia.tst.jus.br;confirmado em fonte primária
1000329-04.2022.5.00.0000;TST;Dissídio Coletivo de Greve (DCG);;COMPANHIA HIDRO ELETRICA DO SAO FRANCISCO;SINDICATO ESPECIFICO DOS TRAB. NAS INDUSTRIAS E EM EMPRESAS DE MONTAGEM E MANUT. EM GERAL NO ESTADO DO RIO GRANDE DO NORTE - SITRAMEM-RN;Greve;Mauricio Godinho Delgado;Greve Julgada Abusiva;;https://consultaprocessual.tst.jus.br/consultaProcessual/resumoForm.do?consulta=1&numeroProcesso=10003290420225000000;confirmado em fonte primária
1000645-17.2022.5.00.0000;TST;Dissídio Coletivo de Greve (DCG);;SINDICATO DOS EMPREGADOS EM ESTABELECIMENTOS BANCÁRIOS DO ESTADO DO PARÁ;CAIXA ECONÔMICA FEDERAL IGM/wh/fn D E C I S Ã O Trata-se de Dissídio Coletivo de Greve , com pedido de tutela de urgência , aforado pelo Sindicato dos Trabalhadores e Trabalhadoras do Ramo Financeiro do Estado do Pará em face da Caixa Econô...;Greve;Ives Gandra Da Silva Martins Filho;Acordo Homologado;2014/2015;https://consultaprocessual.tst.jus.br/consultaProcessual/resumoForm.do?consulta=1&numeroProcesso=10006451720225000000;confirmado em fonte primária
1000743-02.2022.5.00.0000;TST;Dissídio Coletivo de Greve (DCG);;FED NAC EMPREG EMP PROCES DADOS SERV DE INF SIMILARES;SERVIÇO FEDERAL DE PROCESSAMENTO DE DADOS (SERPRO);Greve;Ives Gandra Da Silva Martins Filho;Acordo Homologado;2022/2023;https://consultaprocessual.tst.jus.br/consultaProcessual/resumoForm.do?consulta=1&numeroProcesso=10007430220225000000;confirmado em fonte primária
1001040-09.2022.5.00.0000;TST;Dissídio Coletivo (DC);;FEDERACAO NACIONAL DOS TRAB EM EMPR GER,TRANSM E DISTRIB DE ENERG,TRANSM DADOS VIA REDE ELETR,ABAST VEIC AUTOMOT ELETR,TRATAM AGUA E M AMBIENTE e outros (9);CENTRAIS ELETRICAS BRASILEIRAS SA e outros (3) GVPACV/rmc D E C I S Ã O Após intenso movimento negocial, tendo todos os envolvidos mantido sempre postura respeitosa e colaborativa, foi possível avançarem no diálogo aponto de celebrarem o Ac...;Econômico;Aloysio Silva Correa Da Veiga;Pendente;;https://consultaprocessual.tst.jus.br/consultaProcessual/resumoForm.do?consulta=1&numeroProcesso=10010400920225000000;confirmado em fonte primária
0000338-38.2021.5.10.0000;TRT-10 (DF/TO);Recurso Ordinário Trabalhista (ROT);;Entidade Sindical Profissional;COMPANHIA DO METROPOLITANO DO DISTRITO FEDERAL - METRÔ;Econômico;Ives Gandra Da Silva Martins Filho;Pendente;;https://jurisprudencia.tst.jus.br;confirmado em fonte primária
0020752-25.2021.5.04.0000;TRT-04 (RS);Recurso Ordinário Trabalhista (ROT);;Entidade Sindical Profissional;COMPANHIA ESTADUAL DE TRANSMISSAO DE ENERGIA ELETRICA - CEEE-T;Econômico;Delaide Alves Miranda Arantes;Acordo Homologado;;https://jurisprudencia.tst.jus.br;confirmado em fonte primária
0020781-75.2021.5.04.0000;TRT-04 (RS);Recurso Ordinário Trabalhista (ROT);;Entidade Sindical Profissional;COMPANHIA ESTADUAL DE TRANSMISSAO DE ENERGIA ELETRICA - CEEE-T;Econômico;Delaide Alves Miranda Arantes;Acordo Homologado;;https://jurisprudencia.tst.jus.br;confirmado em fonte primária
0020842-33.2021.5.04.0000;TRT-04 (RS);Recurso Ordinário Trabalhista (ROT);;Entidade Sindical Profissional;Companhia Estadual de Geração de Energia Elétrica - CEEE-G e da Companhia Estadual de Transmissão de Energia Elétrica -CEEE-T;Revisional;Katia Magalhaes Arruda;Acordo Homologado;;https://jurisprudencia.tst.jus.br;confirmado em fonte primária
0102291-94.2021.5.01.0000;TRT-01 (RJ);Recurso Ordinário Trabalhista (ROT);2022-06-13;Entidade Sindical Profissional;ELETROBRAS TERMONUCLEAR S;Econômico;Delaide Alves Miranda Arantes;Extinto sem Resolução de Mérito;;https://jurisprudencia.tst.jus.br;confirmado em fonte primária
1000230-68.2021.5.00.0000;TST;Dissídio Coletivo (DC);2021-11-22;SINDICATO NACIONAL DOS TRABALHADORES NA INDUSTRIA MOEDEIRA;CASA DA MOEDA DO BRASIL CMB;Econômico;Alexandre De Souza Agra Belmonte;Acordo Homologado;2019/2020;https://consultaprocessual.tst.jus.br/consultaProcessual/resumoForm.do?consulta=1&numeroProcesso=10002306820215000000;confirmado em fonte primária
1000908-83.2021.5.00.0000;TST;Dissídio Coletivo de Greve (DCG);2023-05-15;FEDERAÇÃO NACIONAL DOS URBANITARIOS - FNU, comunica a V.Sas., que os trabalhadores (as) das Empresas ELETROBRAS, inclusive os trabalhadores(as) da área de Operação, reunidos em Assembleia Geral Extraordinária, ocorrida nos dias 25, 26 e 27 ...;FEDERACAO NACIONAL TRABALHADORES INDUSTRIAS URBANAS;Greve;Maria Cristina Irigoyen Peduzzi;Greve Julgada Abusiva;;https://consultaprocessual.tst.jus.br/consultaProcessual/resumoForm.do?consulta=1&numeroProcesso=10009088320215000000;confirmado em fonte primária
1001132-21.2021.5.00.0000;TST;Dissídio Coletivo (DC);;CONFEDERACAO NACIONAL DOS TRABALHADORES DO RAMO FINANCEIRO;BANCO DA AMAZONIA AS Afa/jac D E S P A C H O Trata-se de Dissídio Coletivo de natureza econômica suscitado pela Confederação Nacional dos Trabalhadores do Ramo Financeiro distribuído ao Exmo. Ministro Vice-Presidente desta Corte, em 5/8/202...;Econômico;Maria Cristina Irigoyen Peduzzi;Extinto sem Resolução de Mérito;;https://consultaprocessual.tst.jus.br/consultaProcessual/resumoForm.do?consulta=1&numeroProcesso=10011322120215000000;confirmado em fonte primária
1001446-64.2021.5.00.0000;TST;Dissídio Coletivo (DC);2023-05-15;SINDICATO DOS PETROLEIROS DO LITORAL PAULISTA;PETROLEO BRASILEIRO S A PETROBRAS;Econômico;Alexandre De Souza Agra Belmonte;Sentença Normativa (Procedente);2020/2022;https://consultaprocessual.tst.jus.br/consultaProcessual/resumoForm.do?consulta=1&numeroProcesso=10014466420215000000;confirmado em fonte primária
1004893-06.2021.5.02.0000;TRT-02 (SP);Recurso Ordinário Trabalhista (ROT);2022-09-12;Entidade Sindical Profissional;s PETROLEO BRASILEIRO S;Greve;Delaide Alves Miranda Arantes;Extinto sem Resolução de Mérito;;https://jurisprudencia.tst.jus.br;confirmado em fonte primária
0000042-50.2020.5.10.0000;TRT-10 (DF/TO);Recurso Ordinário Trabalhista (ROT);2021-06-14;SINDICATO DOS TRABALHADORES DA TELEBRAS;Telebras;Econômico;Ives Gandra Martins Filho;Sentença Normativa (Procedente);;https://jurisprudencia.tst.jus.br;confirmado em fonte primária
0080430-04.2020.5.22.0000;TRT-22 (PI);Recurso Ordinário Trabalhista (ROT);2023-12-11;Suscita o sindicato que a presente clausula tem por objetivo fortalecer o reconhecimento da entidade representativa de seus trabalhadores. Impugnação da;empresa alega que somente poderá reconhecer a legitimidade dos sindicatos se estes forem regularmente registrados junto ao extinto Ministério do Trabalho e Emprego (atual Ministério da Economia) e atenderem as normas legais como exigências ...;Econômico;Mauricio Godinho Delgado;Acordo Homologado;2020/2022;https://jurisprudencia.tst.jus.br;confirmado em fonte primária
0103202-43.2020.5.01.0000;TRT-01 (RJ);Recurso Ordinário Trabalhista (ROT);2022-11-21;Sindicato dos Trabalhadores na Indústria De Energia Elétrica nos Municípios de Parati e Angra dos Reis;Eletrobras Termonuclear S;Econômico;Mauricio Godinho Delgado;Extinto sem Resolução de Mérito;;https://jurisprudencia.tst.jus.br;confirmado em fonte primária
1000110-59.2020.5.00.0000;TST;Dissídio Coletivo (DC);;SINDICATO NACIONAL DOS TRABALHADORES NA INDUSTRIA MOEDEIRA;CASA DA MOEDA DO BRASIL CMB;Econômico;Luiz Philippe Vieira De Mello Filho;Pendente;;https://consultaprocessual.tst.jus.br/consultaProcessual/resumoForm.do?consulta=1&numeroProcesso=10001105920205000000;confirmado em fonte primária
1003302-43.2020.5.02.0000;TRT-02 (SP);Recurso Ordinário Trabalhista (ROT);;Entidade Sindical Profissional;FURNAS-CENTRAIS ELÉTRICAS S;Econômico;Delaide Alves Miranda Arantes;Extinto sem Resolução de Mérito;;https://jurisprudencia.tst.jus.br;confirmado em fonte primária
1005229-44.2020.5.02.0000;TRT-02 (SP);Recurso Ordinário Trabalhista (ROT);2022-03-14;Entidade Sindical Profissional;FURNAS-CENTRAIS ELÉTRICAS S;Econômico;Katia Magalhaes Arruda;Extinto sem Resolução de Mérito;;https://jurisprudencia.tst.jus.br;confirmado em fonte primária
0000373-66.2019.5.10.0000;TRT-10 (DF/TO);Recurso Ordinário Trabalhista (ROT);;Entidade Sindical Profissional;COMPANHIA DO METROPOLITANO DO DISTRITO FEDERAL - METRÔ;Greve;Dora Maria Da Costa;Extinto sem Resolução de Mérito;;https://jurisprudencia.tst.jus.br;confirmado em fonte primária
1000048-53.2019.5.00.0000;TST;Dissídio Coletivo (DC);;SINDICATO NACIONAL DOS TRABALHADORES NA INDÚSTRIA MOEDEIRA;CASA DA MOEDA DO BRASIL - CMB GMRLP/rnp/mm D E S P A C H O Considerando a vontade dos representantes da parte suscitante, manifestada na reunião unilateral de trabalho e negociação ocorrida no dia 03 de setembro do corrente ano, declaro exa...;Econômico;Renato De Lacerda Paiva;Pendente;;https://consultaprocessual.tst.jus.br/consultaProcessual/resumoForm.do?consulta=1&numeroProcesso=10000485320195000000;confirmado em fonte primária
1000215-70.2019.5.00.0000;TST;Dissídio Coletivo (DC);;ASSOCIACAO DOS EMPREGADOS PUBLICOS DA VALEC - AEPVALEC;VALEC ENGENHARIA CONSTRUCOES E FERROVIAS S/A - GMRLP/rnp/mm D E S P A C H O Designo audiência de conciliação voltada à assinatura de acordo coletivo de trabalho, para o dia 20/11/2019, às 09:00 horas , na Sala de Audiência de Conciliação do...;Econômico;Renato De Lacerda Paiva;Pendente;;https://consultaprocessual.tst.jus.br/consultaProcessual/resumoForm.do?consulta=1&numeroProcesso=10002157020195000000;confirmado em fonte primária
1000321-32.2019.5.00.0000;TST;Dissídio Coletivo (DC);;FEDERACAO INTERES. DOS SIND. DOS TRAB. E TRAB. DA E. B. C. T. DOS EST. DA BA, MG, RJ, RN, RO, SP E TO;EMPRESA BRASILEIRA DE CORREIOS E TELEGRAFOS D E S P A C H O Analisando os autos, verifico que se trata de dissídio coletivo, no qual se formula pedido de liminar , com a concessão de provimento jurisdicional de urgência. Os autos foram enca...;Greve;Renato De Lacerda Paiva;Pendente;;https://consultaprocessual.tst.jus.br/consultaProcessual/resumoForm.do?consulta=1&numeroProcesso=10003213220195000000;confirmado em fonte primária
1000332-61.2019.5.00.0000;TST;Dissídio Coletivo (DC);;SINDICATO DOS EMPREGADOS EM SOCIEDADES DE ECONOMIA MISTA, EMPRESAS PUBLICAS, PRIVADAS E TERCEIRIZADAS DE TRANSPORTES DE PASSAGEIROS SOBRE TRILHO;COMPANHIA BRASILEIRA DE TRENS URBANOS VMF/db D E S P A C H O Nos autos do DC 1000007-86.2019.5.00.0000, em que figurou como Suscitante a Companhia Brasileira de Trens Urbanos e entre os Suscitados o Sindicato dos Empregados em Sociedade de ...;Econômico;Luiz Philippe Vieira De Mello Filho;Extinto sem Resolução de Mérito;;https://consultaprocessual.tst.jus.br/consultaProcessual/resumoForm.do?consulta=1&numeroProcesso=10003326120195000000;confirmado em fonte primária
1000876-49.2019.5.00.0000;TST;Dissídio Coletivo (DC);;SINDICATO DOS TR NO C DE M E D DE P EST DO R DE JANEIRO SUSCITANTE: SIND TRAB COM MINERIOS DERIV PETROLEO NO EST RGS;PETROBRAS DISTRIBUIDORA SA GMRLP/rnp/mm D E S P A C H O Considerando a possibilidade de consenso para a solução do presente conflito coletivo, nos termos da reunião bilateral realizada no dia 11/02/2020, na qual esta Vice-Presidência aprese...;Econômico;Renato De Lacerda Paiva;Pendente;;https://consultaprocessual.tst.jus.br/consultaProcessual/resumoForm.do?consulta=1&numeroProcesso=10008764920195000000;confirmado em fonte primária
1000881-71.2019.5.00.0000;TST;Dissídio Coletivo (DC);;FEDERACAO NAC DOS TRAB NO COM DE MIN E DER DE PETROLEO;PETROBRAS DISTRIBUIDORA AS GMRLP/rnp/mm D E S P A C H O Considerando a possibilidade de consenso para a solução do presente conflito coletivo, nos termos da reunião bilateral realizada no dia 11/02/2020, na qual esta Vice-Presidência aprese...;Econômico;Renato De Lacerda Paiva;Pendente;;https://consultaprocessual.tst.jus.br/consultaProcessual/resumoForm.do?consulta=1&numeroProcesso=10008817120195000000;confirmado em fonte primária
1001069-64.2019.5.00.0000;TST;Dissídio Coletivo (DC);;FEDERACAO NACIONAL DOS TRABALHADORES DO SERVICO PUBLICO FEDERAL - FENADSEF;EMPRESA BRASILEIRA DE SERVICOS HOSPITALARES - EBSERH;Econômico;Aloysio Silva Correa Da Veiga;Acordo Homologado;2018/2019;https://consultaprocessual.tst.jus.br/consultaProcessual/resumoForm.do?consulta=1&numeroProcesso=10010696420195000000;confirmado em fonte primária
0016343-75.2018.5.16.0000;TRT-16 (MA);Recurso Ordinário Trabalhista (ROT);2022-12-16;Entidade Sindical Profissional;CENTRAIS ELÉTRICAS DO NORTE DO BRASIL S/A ELETRONORTE;Greve;Alexandre De Souza Agra Belmonte;Extinto sem Resolução de Mérito;;https://jurisprudencia.tst.jus.br;confirmado em fonte primária
1000376-17.2018.5.00.0000;TST;Dissídio Coletivo de Greve (DCG);2020-12-14;UNIÃO FEDERAL (AGU) e outros;"""vem comunicar para os devidos fins que a partir de 30/05 suas bases estarão de greve, contra o preço abusivo do combustível e a deposição do Sr. Pedro Parente do cargo de Presidente da Petrobras, bem como os mandos e desmandos do governo T...";Greve;Mauricio Godinho Delgado;Greve Julgada Abusiva;;https://consultaprocessual.tst.jus.br/consultaProcessual/resumoForm.do?consulta=1&numeroProcesso=10003761720185000000;confirmado em fonte primária
1000382-24.2018.5.00.0000;TST;Dissídio Coletivo de Greve (DCG);2019-05-13;FEDERAÇÃO INTERSTADUAL DOS TRABALHADORES EM PROCESSAMENTO DE DADOS, SERVIÇOS DE INFORMÁTICA E TECNOLOGIA DA INFORMAÇÃO;COBRA TECNOLOGIA S.A. D E S P A C H O Trata-se de dissídio coletivo de greve suscitado pela FEDERAÇÃO INTERESTADUAL DOS TRABALHADORES EM TECNOLOGIA DA INFORMAÇÃO em face da empresa COBRA TECONOLOGIA S.A. Cumpre esclarecer às partes que ante...;Greve;Dora Maria Da Costa;Acordo Homologado;2017/2019;https://consultaprocessual.tst.jus.br/consultaProcessual/resumoForm.do?consulta=1&numeroProcesso=10003822420185000000;confirmado em fonte primária
0011351-52.2017.5.00.0000;TST;Dissídio Coletivo (DC);2021-10-18;FEDERAÇO ÚICA DOS PETROLEIROS - FUP;PETROLEO BRASILEIRO S A PETROBRAS;Jurídico;Katia Magalhaes Arruda;Sentença Normativa (Procedente);2015-2017;https://consultaprocessual.tst.jus.br/consultaProcessual/resumoForm.do?consulta=1&numeroProcesso=00113515220175000000;confirmado em fonte primária
1000212-86.2017.5.00.0000;TST;Dissídio Coletivo (DC);2018-06-11;SINDICATO NACIONAL DOS TRABALHADORES DE PESQUISA E DESENVOLVIMENTO AGROPECUARIO;COMPANHIA DE DESENVOLVIMENTO DOS VALES DO SAO FRANCISCO E DO PARNAIBA Verifico erro material constante na proposta apresentada para análise das partes, especificamente no item II.1, o qual trata do auxílio creche. Assim, corrijo o referido ...;Greve;Dora Maria Da Costa;Acordo Homologado;2017/2018;https://consultaprocessual.tst.jus.br/consultaProcessual/resumoForm.do?consulta=1&numeroProcesso=10002128620175000000;confirmado em fonte primária
1000224-03.2017.5.00.0000;TST;Dissídio Coletivo (DC);;CONFEDERACAO NACIONAL DOS TRABALHADORES DO RAMO FINANCEIRO;BANCO DA AMAZONIA S.A. GMRLP/rnp/mm D E S P A C H O Trata-se de dissídio coletivo ajuizado pela CONFEDERACÃO NACIONAL DOS TRABALHADORES DO RAMO FINANCEIRO em face do BANCO DA AMAZÔNIA S.A. , postulando a prolação de sentença normativa, tend...;Econômico;Renato De Lacerda Paiva;Pendente;;https://consultaprocessual.tst.jus.br/consultaProcessual/resumoForm.do?consulta=1&numeroProcesso=10002240320175000000;confirmado em fonte primária
1000325-40.2017.5.00.0000;TST;Dissídio Coletivo (DC);2018-06-11;FEDERACAO NACIONAL DOS TRABALHADORES FERROVIARIOS;VALEC ENGENHARIA CONSTRUCOES E FERROVIAS S/A;Econômico;Mauricio Godinho Delgado;Acordo Homologado;;https://consultaprocessual.tst.jus.br/consultaProcessual/resumoForm.do?consulta=1&numeroProcesso=10003254020175000000;confirmado em fonte primária
0000251-63.2016.5.17.0000;TRT-17 (ES);Recurso Ordinário (RO);2017-08-14;Sindicato dos Trabalhadores em Alimentação e Afins do Espírito Santo;"Realcafé Solúvel do Brasil S. A.; Rel. Des. Marcello Maciel Mancilha; DEJT 10-07-2015). DA AUSÊNCIA DO MÚTUO CONSENTIMENTO. O art. 114, § 2.º, da Carta Magna deve ser interpretado sistematicamente, encarando-se o ""comum acordo"" como uma fac...";Greve;Mauricio Godinho Delgado;Extinto sem Resolução de Mérito;;https://jurisprudencia.tst.jus.br;confirmado em fonte primária
0010817-61.2016.5.03.0000;TRT-03 (MG);Recurso Ordinário (RO);2019-03-18;Sindicato Intermunicipal dos Trabalhadores na Indústria Energética de Minas Gerais - SINDIELETRO;Companhia Energética de Minas Gerais - CEMIG e Outras, por meio do qual pleiteia: a declaração de abusividade e a consequente nulidade das dispensas realizadas pela Suscitada;Jurídico;Mauricio Godinho Delgado;Extinto sem Resolução de Mérito;;https://jurisprudencia.tst.jus.br;confirmado em fonte primária
0021102-86.2016.5.04.0000;TRT-04 (RS);Recurso Ordinário (RO);2017-06-05;Entidade Sindical Profissional;s COMPANHIA ESTADUAL DE DISTRIBUIÇÃO DE ENERGIA ELÉTRICA - CEEE D;Econômico;Maria De Assis Calsing;Acordo Homologado;2016/2017;https://jurisprudencia.tst.jus.br;confirmado em fonte primária
0021923-90.2016.5.04.0000;TRT-04 (RS);Recurso Ordinário (RO);2018-09-10;Entidade Sindical Profissional;(CEITEC) encontram-se ao abrigo da Convenção Coletiva de Trabalho celebrada entre os Sindicatos profissional (Suscitante) e patronal (Suscitado);Greve;Ives Gandra Martins Filho;Extinto sem Resolução de Mérito;;https://jurisprudencia.tst.jus.br;confirmado em fonte primária
1000153-78.2016.5.02.0000;TRT-02 (SP);Recurso Ordinário (RO);2017-08-14;Entidade Sindical Profissional;COMPANHIA PAULISTA DE TRENS METROPOLITANOS - CPTM;Jurídico;Dora Maria Da Costa;Extinto sem Resolução de Mérito;;https://jurisprudencia.tst.jus.br;confirmado em fonte primária
